Reclassified,Media Channel Off/On (copy),Media Channel (copy 2),Campaign (copy),Week Start,Date,Value
Brand,Online,Paid Search,BAU Priority,Mondays,16/01/2017,342
Brand,Online,Paid Search,BAU Priority,Mondays,23/01/2017,5874
Brand,Online,Paid Search,BAU Priority,Mondays,30/01/2017,2866
Brand,Online,Paid Search,BAU Priority,Mondays,06/02/2017,3936
Brand,Online,Paid Search,BAU Priority,Mondays,13/02/2017,683
Brand,Online,Paid Search,BAU Priority,Mondays,20/02/2017,621
Brand,Online,Paid Search,BAU Priority,Mondays,27/02/2017,1432
Brand,Online,Paid Search,BAU Priority,Mondays,06/03/2017,5829
Brand,Online,Paid Search,BAU Priority,Mondays,13/03/2017,4777
Brand,Online,Paid Search,BAU Priority,Mondays,20/03/2017,2383
Brand,Online,Paid Search,BAU Priority,Mondays,27/03/2017,3448
Brand,Online,Paid Search,BAU Priority,Mondays,03/04/2017,1643
Brand,Online,Paid Search,BAU Priority,Mondays,10/04/2017,1481
Brand,Online,Paid Search,Six Nations Rugby,Mondays,20/02/2017,0
Brand,Online,Paid Search,Six Nations Rugby,Mondays,27/02/2017,1278
Brand,Online,Paid Search,Six Nations Rugby,Mondays,06/03/2017,2160
Brand,Online,Paid Search,Six Nations Rugby,Mondays,13/03/2017,1945
Brand,Online,Standard Display,O2_All4Partnership_20161219_20170331_DIS_DRS_GBR_7,Mondays,23/01/2017,5770
Brand,Online,Standard Display,O2_All4Partnership_20161219_20170331_DIS_DRS_GBR_7,Mondays,30/01/2017,4910
Brand,Online,Standard Display,O2_All4Partnership_20161219_20170331_DIS_DRS_GBR_7,Mondays,06/02/2017,4794
Brand,Online,Standard Display,O2_All4Partnership_20161219_20170331_DIS_DRS_GBR_7,Mondays,13/02/2017,4786
Brand,Online,Standard Display,O2_All4Partnership_20161219_20170331_DIS_DRS_GBR_7,Mondays,20/02/2017,4869
Brand,Online,Standard Display,O2_All4Partnership_20161219_20170331_DIS_DRS_GBR_7,Mondays,27/02/2017,1931
Brand,Online,Standard Display,O2_All4Partnership_20161219_20170331_DIS_DRS_GBR_7,Mondays,06/03/2017,2701
Brand,Online,Standard Display,O2_All4Partnership_20161219_20170331_DIS_DRS_GBR_7,Mondays,13/03/2017,4301
Brand,Online,Standard Display,O2_All4Partnership_20161219_20170331_DIS_DRS_GBR_7,Mondays,20/03/2017,4373
Brand,Online,Standard Display,O2_All4Partnership_20161219_20170331_DIS_DRS_GBR_7,Mondays,27/03/2017,90
Brand,Online,Standard Display,O2_All4Partnership_20161219_20170331_DIS_DRS_GBR_7,Mondays,03/04/2017,1
Brand,Online,Standard Display,O2_O2Priority_20150505_20151231_DIS_DRS_GBR_47444,Mondays,16/01/2017,0
Brand,Online,Standard Display,O2_O2Priority_20150505_20151231_DIS_DRS_GBR_47444,Mondays,23/01/2017,1845
Brand,Online,Standard Display,O2_O2Priority_20150505_20151231_DIS_DRS_GBR_47444,Mondays,30/01/2017,1360
Brand,Online,Standard Display,O2_Priority_2015-05-05_2015-12-31_DIS_DRS_Priority,Mondays,30/01/2017,0
Brand,Online,Standard Display,O2_Priority_2015-05-05_2015-12-31_DIS_DRS_Priority,Mondays,06/02/2017,0
Brand,Online,Standard Display,O2_Priority_2015-05-05_2015-12-31_DIS_DRS_Priority,Mondays,13/02/2017,0
Brand,Online,Standard Display,O2_Priority_2015-05-05_2015-12-31_DIS_DRS_Priority,Mondays,20/02/2017,0
Brand,Online,Standard Display,O2_Priority_2015-05-05_2015-12-31_DIS_DRS_Priority,Mondays,27/02/2017,0
Brand,Online,Standard Display,O2_Priority_2015-05-05_2015-12-31_DIS_DRS_Priority,Mondays,06/03/2017,0
Brand,Online,Standard Display,O2_Priority_2015-05-05_2015-12-31_DIS_DRS_Priority,Mondays,13/03/2017,0
Brand,Online,Standard Display,O2_Priority_2015-05-05_2015-12-31_DIS_DRS_Priority,Mondays,20/03/2017,4579
Brand,Online,Standard Display,O2_Priority_2015-05-05_2015-12-31_DIS_DRS_Priority,Mondays,27/03/2017,0
Brand,Online,Standard Display,O2_Priority_2015-05-05_2015-12-31_DIS_DRS_Priority,Mondays,03/04/2017,0
Brand,Online,Standard Display,O2_Priority_2015-05-05_2015-12-31_DIS_DRS_Priority,Mondays,10/04/2017,0
Trading,Online,Programmatic Audio,Sims Feb/ March,Mondays,06/03/2017,6106
Trading,Online,Programmatic Audio,Sims Feb/ March,Mondays,13/03/2017,6106
Trading,Offline,OOH,O2 Free Sim - Bigger Bundles,Mondays,23/01/2017,7775
Trading,Offline,OOH,O2 Jan Sale - Jan Pay Day,Mondays,23/01/2017,48846
Trading,Offline,OOH,O2 Jan Sale - Jan Pay Day,Mondays,30/01/2017,48846
Trading,Offline,OOH,O2 Jan Sale - iPhone Push,Mondays,23/01/2017,23344
Trading,Offline,OOH,O2 Jan Sale - iPhone Push,Mondays,30/01/2017,54469
Trading,Offline,OOH,O2 Jan Sale - iPhone Push,Mondays,06/02/2017,54469
Trading,Offline,OOH,O2 Jan Sale - iPhone Push,Mondays,13/02/2017,31125
Trading,Offline,OOH,O2 One Plus 3T,Mondays,06/03/2017,4509
Trading,Offline,OOH,O2 One Plus 3T,Mondays,13/03/2017,41548
Trading,Offline,OOH,O2 One Plus 3T,Mondays,20/03/2017,46719
Trading,Offline,OOH,O2 One Plus 3T,Mondays,27/03/2017,6674
Trading,Offline,OOH,O2 Samsung Flagship - Priming,Mondays,20/03/2017,52221
Trading,Offline,OOH,O2 Samsung Flagship - Priming,Mondays,27/03/2017,28934
Trading,Offline,OOH,O2 Samsung Flagship - Priming,Mondays,10/04/2017,36488
Trading,Offline,OOH,O2 Samsung Flagship - Priming,Mondays,17/04/2017,42569
Trading,Offline,OOH,O2 Samsung Series A,Mondays,30/01/2017,10614
Trading,Offline,OOH,O2 Samsung Series A,Mondays,06/02/2017,42131
Trading,Offline,OOH,O2 Samsung Series A,Mondays,13/02/2017,42131
Trading,Offline,OOH,O2 Samsung Series A,Mondays,20/02/2017,6019
Brand,Offline,OOH,O2 Slough Station Domination,Mondays,23/01/2017,917
Brand,Offline,OOH,O2 Slough Station Domination,Mondays,30/01/2017,917
Brand,Offline,OOH,O2 Slough Station Domination,Mondays,06/02/2017,917
Brand,Offline,OOH,O2 Slough Station Domination,Mondays,13/02/2017,917
Brand,Offline,OOH,O2 Slough Station Domination,Mondays,20/02/2017,917
Brand,Offline,OOH,O2 Slough Station Domination,Mondays,27/02/2017,917
Brand,Offline,OOH,O2 Slough Station Domination,Mondays,06/03/2017,917
Brand,Offline,OOH,O2 Slough Station Domination,Mondays,13/03/2017,917
Brand,Offline,OOH,O2 Slough Station Domination,Mondays,20/03/2017,917
Brand,Offline,OOH,O2 Slough Station Domination,Mondays,27/03/2017,917
Brand,Offline,OOH,O2 Slough Station Domination,Mondays,03/04/2017,917
Brand,Offline,OOH,O2 Slough Station Domination,Mondays,10/04/2017,917
Brand,Offline,OOH,O2 Slough Station Domination,Mondays,17/04/2017,917
Trading,Offline,OOH,O2 Sony Handsets,Mondays,06/03/2017,27945
Trading,Offline,OOH,O2 Sony Handsets,Mondays,13/03/2017,32603
Trading,Offline,OOH,O2 Sony Handsets,Mondays,20/03/2017,4658
Trading,Offline,OOH,O2 Speed To Refresh Burst 1,Mondays,27/03/2017,40869
Trading,Offline,OOH,O2 Speed To Refresh Burst 1,Mondays,03/04/2017,47681
Trading,Offline,OOH,O2 Speed To Refresh Burst 1,Mondays,10/04/2017,6812
Brand,Offline,OOH,O2 T1 Brand - Family,Mondays,27/03/2017,52213
Brand,Offline,OOH,O2 T1 Brand - Family,Mondays,03/04/2017,42569
Brand,Offline,OOH,O2 T1 Brand - Family,Mondays,10/04/2017,19196
Brand,Offline,OOH,O2 T1 Brand - Family,Mondays,17/04/2017,15300
Brand,Offline,OOH,O2 T1 Brand - Hero,Mondays,27/02/2017,109286
Brand,Offline,OOH,O2 T1 Brand - Hero,Mondays,06/03/2017,248986
Brand,Offline,OOH,O2 T1 Brand - Hero,Mondays,13/03/2017,159942
Brand,Offline,OOH,O2 T1 Brand - Hero,Mondays,20/03/2017,20247
Brand,Offline,OOH,O2 T1 Brand - O10,Mondays,06/03/2017,50481
Brand,Offline,OOH,O2 T1 Brand - O10,Mondays,13/03/2017,58894
Brand,Offline,OOH,O2 T1 Brand - O10,Mondays,20/03/2017,8413
Brand,Offline,OOH,O2 T1 Brand - War Child,Mondays,23/01/2017,7854
Brand,Offline,OOH,O2 T1 Brand - War Child,Mondays,30/01/2017,13379
Brand,Offline,OOH,O2 T1 Brand - War Child,Mondays,06/02/2017,2244
Brand,Offline,OOH,O2 T1 Brand - War Child,Mondays,13/02/2017,12571
Brand,Offline,OOH,O2 T1 Brand - War Child,Mondays,20/02/2017,12571
Trading,Offline,Press,CPAYG January,Mondays,23/01/2017,36451
Trading,Offline,Press,January Sale 2016/17 - 06136,Mondays,23/01/2017,101030
Trading,Offline,Press,January Sale 2016/17 - 06136,Mondays,30/01/2017,13231
Trading,Offline,Press,January Sale 2016/17 - 06136,Mondays,06/02/2017,35377
Trading,Offline,Press,SMB Jan Sale,Mondays,23/01/2017,11622
Trading,Offline,Press,SMB Jan Sale,Mondays,30/01/2017,37494
Trading,Offline,Press,SMB Simo,Mondays,06/02/2017,11401
Trading,Offline,Press,SMB Simo,Mondays,13/02/2017,12630
Trading,Offline,Press,SMB Simo,Mondays,20/02/2017,15061
Trading,Offline,Press,SMB Simo,Mondays,27/02/2017,20556
Trading,Offline,Press,SMB Simo,Mondays,06/03/2017,25970
Trading,Offline,Press,SMB Simo,Mondays,13/03/2017,12549
Trading,Offline,Press,SMB Simo,Mondays,20/03/2017,10729
Trading,Offline,Press,SMB Simo,Mondays,27/03/2017,30103
Trading,Offline,Press,SMB Simo,Mondays,03/04/2017,10729
Trading,Offline,Press,Samsung A-Series Launch 06477,Mondays,23/01/2017,13408
Trading,Offline,Press,Samsung A-Series Launch 06477,Mondays,30/01/2017,92317
Trading,Offline,Press,Samsung A-Series Launch 06477,Mondays,06/02/2017,42038
Trading,Offline,Press,Samsung Dream Launch,Mondays,27/03/2017,47940
Trading,Offline,Press,Samsung Dream Launch,Mondays,03/04/2017,38022
Trading,Offline,Press,Samsung Dream Launch,Mondays,10/04/2017,46333
Trading,Offline,Press,Samsung Dream Launch,Mondays,17/04/2017,45940
Trading,Offline,Press,Sims Feb/ March,Mondays,30/01/2017,25547
Trading,Offline,Press,Sims Feb/ March,Mondays,06/02/2017,58764
Trading,Offline,Press,Sims Feb/ March,Mondays,13/02/2017,9119
Trading,Offline,Press,Sims Feb/ March,Mondays,06/03/2017,51753
Trading,Offline,Press,Sims Feb/ March,Mondays,13/03/2017,49793
Brand,Offline,TV,Ethos TV,Mondays,27/02/2017,351134
Brand,Offline,TV,Ethos TV,Mondays,06/03/2017,522216
Brand,Offline,TV,Ethos TV,Mondays,13/03/2017,453015
Brand,Offline,TV,Ethos TV,Mondays,20/03/2017,453015
Brand,Offline,TV,Ethos TV,Mondays,27/03/2017,453015
Brand,Offline,TV,Ethos TV,Mondays,03/04/2017,376124
Brand,Offline,TV,Ethos TV,Mondays,10/04/2017,136481
Trading,Offline,TV,Free Sim Feb,Mondays,30/01/2017,20253
Trading,Offline,TV,Free Sim Feb,Mondays,06/02/2017,54430
Trading,Offline,TV,Free Sim Feb,Mondays,13/02/2017,25316
Trading,Offline,TV,SIMO Feb,Mondays,13/02/2017,27586
Trading,Offline,TV,SIMO Feb,Mondays,20/02/2017,55172
Trading,Offline,TV,SIMO Feb,Mondays,27/02/2017,17241
Trading,Offline,TV,SIMO Jan,Mondays,23/01/2017,57931
Trading,Offline,TV,SIMO Jan,Mondays,30/01/2017,17931
Brand,Offline,TV,Warchild TV,Mondays,13/02/2017,88542
Brand,Offline,TV,Warchild TV,Mondays,20/02/2017,36458
Trading,Online,Affiliate,Accessories,Mondays,16/01/2017,3
Trading,Online,Affiliate,Accessories,Mondays,23/01/2017,22
Trading,Online,Affiliate,Accessories,Mondays,30/01/2017,27
Trading,Online,Affiliate,Accessories,Mondays,06/02/2017,21
Trading,Online,Affiliate,Accessories,Mondays,13/02/2017,26
Trading,Online,Affiliate,Accessories,Mondays,20/02/2017,50
Trading,Online,Affiliate,Accessories,Mondays,27/02/2017,15
Trading,Online,Affiliate,Accessories,Mondays,06/03/2017,19
Trading,Online,Affiliate,Accessories,Mondays,13/03/2017,41
Trading,Online,Affiliate,Accessories,Mondays,20/03/2017,216
Trading,Online,Affiliate,Accessories,Mondays,27/03/2017,50
Trading,Online,Affiliate,Accessories,Mondays,03/04/2017,84
Trading,Online,Affiliate,Car Wifi,Mondays,16/01/2017,0
Trading,Online,Affiliate,Car Wifi,Mondays,23/01/2017,0
Trading,Online,Affiliate,Car Wifi,Mondays,30/01/2017,0
Trading,Online,Affiliate,Car Wifi,Mondays,06/02/2017,0
Trading,Online,Affiliate,Car Wifi,Mondays,13/02/2017,0
Trading,Online,Affiliate,Car Wifi,Mondays,20/02/2017,0
Trading,Online,Affiliate,Car Wifi,Mondays,27/02/2017,0
Trading,Online,Affiliate,Car Wifi,Mondays,06/03/2017,0
Trading,Online,Affiliate,Car Wifi,Mondays,13/03/2017,0
Trading,Online,Affiliate,Car Wifi,Mondays,20/03/2017,0
Trading,Online,Affiliate,Car Wifi,Mondays,27/03/2017,0
Trading,Online,Affiliate,Car Wifi,Mondays,03/04/2017,0
Trading,Online,Affiliate,Iphone Upgrade,Mondays,13/02/2017,0
Trading,Online,Affiliate,Iphone Upgrade,Mondays,20/02/2017,0
Trading,Online,Affiliate,Iphone Upgrade,Mondays,27/02/2017,0
Trading,Online,Affiliate,Iphone Upgrade,Mondays,06/03/2017,0
Trading,Online,Affiliate,Iphone Upgrade,Mondays,13/03/2017,0
Trading,Online,Affiliate,Iphone Upgrade,Mondays,20/03/2017,0
Trading,Online,Affiliate,Iphone Upgrade,Mondays,27/03/2017,0
Trading,Online,Affiliate,Iphone Upgrade,Mondays,03/04/2017,0
Trading,Online,Affiliate,Iphonepaym,Mondays,13/02/2017,948
Trading,Online,Affiliate,Iphonepaym,Mondays,20/02/2017,8551
Trading,Online,Affiliate,Iphonepaym,Mondays,27/02/2017,17951
Trading,Online,Affiliate,Iphonepaym,Mondays,06/03/2017,5262
Trading,Online,Affiliate,Iphonepaym,Mondays,13/03/2017,4665
Trading,Online,Affiliate,Iphonepaym,Mondays,20/03/2017,6803
Trading,Online,Affiliate,Iphonepaym,Mondays,27/03/2017,8916
Trading,Online,Affiliate,Iphonepaym,Mondays,03/04/2017,7524
Trading,Online,Affiliate,MBB (Dongles),Mondays,16/01/2017,1
Trading,Online,Affiliate,MBB (Dongles),Mondays,23/01/2017,8
Trading,Online,Affiliate,MBB (Dongles),Mondays,30/01/2017,12
Trading,Online,Affiliate,MBB (Dongles),Mondays,06/02/2017,0
Trading,Online,Affiliate,MBB (Dongles),Mondays,13/02/2017,1
Trading,Online,Affiliate,MBB (Dongles),Mondays,20/02/2017,6
Trading,Online,Affiliate,MBB (Dongles),Mondays,27/02/2017,0
Trading,Online,Affiliate,MBB (Dongles),Mondays,06/03/2017,1
Trading,Online,Affiliate,MBB (Dongles),Mondays,13/03/2017,6
Trading,Online,Affiliate,MBB (Dongles),Mondays,20/03/2017,2
Trading,Online,Affiliate,MBB (Dongles),Mondays,27/03/2017,12
Trading,Online,Affiliate,MBB (Dongles),Mondays,03/04/2017,0
Trading,Online,Affiliate,MBB Tablet sims (contract),Mondays,16/01/2017,0
Trading,Online,Affiliate,MBB Tablet sims (contract),Mondays,23/01/2017,3
Trading,Online,Affiliate,MBB Tablet sims (contract),Mondays,30/01/2017,18
Trading,Online,Affiliate,MBB Tablet sims (contract),Mondays,06/02/2017,0
Trading,Online,Affiliate,MBB Tablet sims (contract),Mondays,13/02/2017,0
Trading,Online,Affiliate,MBB Tablet sims (contract),Mondays,20/02/2017,0
Trading,Online,Affiliate,MBB Tablet sims (contract),Mondays,27/02/2017,0
Trading,Online,Affiliate,MBB Tablet sims (contract),Mondays,06/03/2017,0
Trading,Online,Affiliate,MBB Tablet sims (contract),Mondays,13/03/2017,6
Trading,Online,Affiliate,MBB Tablet sims (contract),Mondays,20/03/2017,36
Trading,Online,Affiliate,MBB Tablet sims (contract),Mondays,27/03/2017,0
Trading,Online,Affiliate,MBB Tablet sims (contract),Mondays,03/04/2017,0
Trading,Online,Affiliate,MBB Tablets,Mondays,16/01/2017,91
Trading,Online,Affiliate,MBB Tablets,Mondays,23/01/2017,671
Trading,Online,Affiliate,MBB Tablets,Mondays,30/01/2017,833
Trading,Online,Affiliate,MBB Tablets,Mondays,06/02/2017,544
Trading,Online,Affiliate,MBB Tablets,Mondays,13/02/2017,322
Trading,Online,Affiliate,MBB Tablets,Mondays,20/02/2017,371
Trading,Online,Affiliate,MBB Tablets,Mondays,27/02/2017,703
Trading,Online,Affiliate,MBB Tablets,Mondays,06/03/2017,864
Trading,Online,Affiliate,MBB Tablets,Mondays,13/03/2017,498
Trading,Online,Affiliate,MBB Tablets,Mondays,20/03/2017,724
Trading,Online,Affiliate,MBB Tablets,Mondays,27/03/2017,788
Trading,Online,Affiliate,MBB Tablets,Mondays,03/04/2017,696
Trading,Online,Affiliate,MBB Upgrades,Mondays,23/01/2017,0
Trading,Online,Affiliate,MBB Upgrades,Mondays,30/01/2017,0
Trading,Online,Affiliate,MBB Upgrades,Mondays,06/02/2017,0
Trading,Online,Affiliate,MBB Upgrades,Mondays,13/02/2017,0
Trading,Online,Affiliate,MBB Upgrades,Mondays,20/02/2017,0
Trading,Online,Affiliate,MBB Upgrades,Mondays,27/02/2017,0
Trading,Online,Affiliate,MBB Upgrades,Mondays,06/03/2017,0
Trading,Online,Affiliate,MBB Upgrades,Mondays,13/03/2017,0
Trading,Online,Affiliate,MBB Upgrades,Mondays,20/03/2017,0
Trading,Online,Affiliate,MBB Upgrades,Mondays,27/03/2017,0
Trading,Online,Affiliate,MBB Upgrades,Mondays,03/04/2017,0
Trading,Online,Affiliate,Recycle,Mondays,16/01/2017,146
Trading,Online,Affiliate,Recycle,Mondays,23/01/2017,969
Trading,Online,Affiliate,Recycle,Mondays,30/01/2017,619
Trading,Online,Affiliate,Recycle,Mondays,06/02/2017,418
Trading,Online,Affiliate,Recycle,Mondays,13/02/2017,351
Trading,Online,Affiliate,Recycle,Mondays,20/02/2017,264
Trading,Online,Affiliate,Recycle,Mondays,27/02/2017,215
Trading,Online,Affiliate,Recycle,Mondays,06/03/2017,252
Trading,Online,Affiliate,Recycle,Mondays,13/03/2017,290
Trading,Online,Affiliate,Recycle,Mondays,20/03/2017,260
Trading,Online,Affiliate,Recycle,Mondays,27/03/2017,226
Trading,Online,Affiliate,Recycle,Mondays,03/04/2017,204
Trading,Online,Affiliate,SIMO Upgrade,Mondays,23/01/2017,0
Trading,Online,Affiliate,SIMO Upgrade,Mondays,30/01/2017,0
Trading,Online,Affiliate,SIMO Upgrade,Mondays,06/02/2017,0
Trading,Online,Affiliate,SIMO Upgrade,Mondays,13/02/2017,0
Trading,Online,Affiliate,SIMO Upgrade,Mondays,20/02/2017,0
Trading,Online,Affiliate,SIMO Upgrade,Mondays,27/02/2017,0
Trading,Online,Affiliate,SIMO Upgrade,Mondays,06/03/2017,0
Trading,Online,Affiliate,SIMO Upgrade,Mondays,13/03/2017,0
Trading,Online,Affiliate,SIMO Upgrade,Mondays,20/03/2017,0
Trading,Online,Affiliate,SIMO Upgrade,Mondays,27/03/2017,0
Trading,Online,Affiliate,SIMO Upgrade,Mondays,03/04/2017,0
Trading,Online,Affiliate,Traditional Upgrade,Mondays,23/01/2017,0
Trading,Online,Affiliate,Traditional Upgrade,Mondays,30/01/2017,0
Trading,Online,Affiliate,Traditional Upgrade,Mondays,06/02/2017,0
Trading,Online,Affiliate,Traditional Upgrade,Mondays,13/02/2017,0
Trading,Online,Affiliate,Traditional Upgrade,Mondays,20/02/2017,0
Trading,Online,Affiliate,Traditional Upgrade,Mondays,27/02/2017,0
Trading,Online,Affiliate,Traditional Upgrade,Mondays,06/03/2017,0
Trading,Online,Affiliate,Traditional Upgrade,Mondays,13/03/2017,0
Trading,Online,Affiliate,Traditional Upgrade,Mondays,20/03/2017,0
Trading,Online,Affiliate,Traditional Upgrade,Mondays,27/03/2017,0
Trading,Online,Affiliate,Traditional Upgrade,Mondays,03/04/2017,0
Trading,Online,Affiliate,Upgrades,Mondays,16/01/2017,0
Trading,Online,Affiliate,Upgrades,Mondays,23/01/2017,0
Trading,Online,Affiliate,Wearables,Mondays,16/01/2017,0
Trading,Online,Affiliate,Wearables,Mondays,23/01/2017,15
Trading,Online,Affiliate,Wearables,Mondays,30/01/2017,106
Trading,Online,Affiliate,Wearables,Mondays,06/02/2017,106
Trading,Online,Affiliate,Wearables,Mondays,13/02/2017,66
Trading,Online,Affiliate,Wearables,Mondays,20/02/2017,40
Trading,Online,Affiliate,Wearables,Mondays,27/02/2017,24
Trading,Online,Affiliate,Wearables,Mondays,06/03/2017,0
Trading,Online,Affiliate,Wearables,Mondays,13/03/2017,0
Trading,Online,Affiliate,Wearables,Mondays,20/03/2017,0
Trading,Online,Affiliate,Wearables,Mondays,27/03/2017,1
Trading,Online,Affiliate,Wearables,Mondays,03/04/2017,6
Trading,Online,Affiliate,handsetspayg,Mondays,16/01/2017,37
Trading,Online,Affiliate,handsetspayg,Mondays,23/01/2017,259
Trading,Online,Affiliate,handsetspayg,Mondays,30/01/2017,263
Trading,Online,Affiliate,handsetspayg,Mondays,06/02/2017,266
Trading,Online,Affiliate,handsetspayg,Mondays,13/02/2017,132
Trading,Online,Affiliate,handsetspayg,Mondays,20/02/2017,94
Trading,Online,Affiliate,handsetspayg,Mondays,27/02/2017,179
Trading,Online,Affiliate,handsetspayg,Mondays,06/03/2017,319
Trading,Online,Affiliate,handsetspayg,Mondays,13/03/2017,249
Trading,Online,Affiliate,handsetspayg,Mondays,20/03/2017,192
Trading,Online,Affiliate,handsetspayg,Mondays,27/03/2017,237
Trading,Online,Affiliate,handsetspayg,Mondays,03/04/2017,342
Trading,Online,Affiliate,handsetspaym,Mondays,16/01/2017,1770
Trading,Online,Affiliate,handsetspaym,Mondays,23/01/2017,14144
Trading,Online,Affiliate,handsetspaym,Mondays,30/01/2017,23789
Trading,Online,Affiliate,handsetspaym,Mondays,06/02/2017,17523
Trading,Online,Affiliate,handsetspaym,Mondays,13/02/2017,10551
Trading,Online,Affiliate,handsetspaym,Mondays,20/02/2017,6427
Trading,Online,Affiliate,handsetspaym,Mondays,27/02/2017,16061
Trading,Online,Affiliate,handsetspaym,Mondays,06/03/2017,2132
Trading,Online,Affiliate,handsetspaym,Mondays,13/03/2017,3084
Trading,Online,Affiliate,handsetspaym,Mondays,20/03/2017,5616
Trading,Online,Affiliate,handsetspaym,Mondays,27/03/2017,12447
Trading,Online,Affiliate,handsetspaym,Mondays,03/04/2017,7290
Trading,Online,Affiliate,mbbpockethotspot,Mondays,16/01/2017,1
Trading,Online,Affiliate,mbbpockethotspot,Mondays,23/01/2017,14
Trading,Online,Affiliate,mbbpockethotspot,Mondays,30/01/2017,50
Trading,Online,Affiliate,mbbpockethotspot,Mondays,06/02/2017,15
Trading,Online,Affiliate,mbbpockethotspot,Mondays,13/02/2017,20
Trading,Online,Affiliate,mbbpockethotspot,Mondays,20/02/2017,16
Trading,Online,Affiliate,mbbpockethotspot,Mondays,27/02/2017,27
Trading,Online,Affiliate,mbbpockethotspot,Mondays,06/03/2017,19
Trading,Online,Affiliate,mbbpockethotspot,Mondays,13/03/2017,16
Trading,Online,Affiliate,mbbpockethotspot,Mondays,20/03/2017,67
Trading,Online,Affiliate,mbbpockethotspot,Mondays,27/03/2017,43
Trading,Online,Affiliate,mbbpockethotspot,Mondays,03/04/2017,6
Trading,Online,Affiliate,simpayg,Mondays,16/01/2017,250
Trading,Online,Affiliate,simpayg,Mondays,23/01/2017,1714
Trading,Online,Affiliate,simpayg,Mondays,30/01/2017,1494
Trading,Online,Affiliate,simpayg,Mondays,06/02/2017,1480
Trading,Online,Affiliate,simpayg,Mondays,13/02/2017,1893
Trading,Online,Affiliate,simpayg,Mondays,20/02/2017,3934
Trading,Online,Affiliate,simpayg,Mondays,27/02/2017,3281
Trading,Online,Affiliate,simpayg,Mondays,06/03/2017,2077
Trading,Online,Affiliate,simpayg,Mondays,13/03/2017,1700
Trading,Online,Affiliate,simpayg,Mondays,20/03/2017,1492
Trading,Online,Affiliate,simpayg,Mondays,27/03/2017,1295
Trading,Online,Affiliate,simpayg,Mondays,03/04/2017,1146
Trading,Online,Affiliate,simpaym,Mondays,16/01/2017,537
Trading,Online,Affiliate,simpaym,Mondays,23/01/2017,3870
Trading,Online,Affiliate,simpaym,Mondays,30/01/2017,4415
Trading,Online,Affiliate,simpaym,Mondays,06/02/2017,4010
Trading,Online,Affiliate,simpaym,Mondays,13/02/2017,5896
Trading,Online,Affiliate,simpaym,Mondays,20/02/2017,6401
Trading,Online,Affiliate,simpaym,Mondays,27/02/2017,10597
Trading,Online,Affiliate,simpaym,Mondays,06/03/2017,8600
Trading,Online,Affiliate,simpaym,Mondays,13/03/2017,8918
Trading,Online,Affiliate,simpaym,Mondays,20/03/2017,20836
Trading,Online,Affiliate,simpaym,Mondays,27/03/2017,4580
Trading,Online,Affiliate,simpaym,Mondays,03/04/2017,3576
SMB,Online,Display - Affiperf,O2_Enterprise16_2016-04-14_2016-12-31_DIS_DRS_Ent_,Mondays,30/01/2017,3
SMB,Online,Display - Affiperf,O2_Enterprise16_2016-04-14_2016-12-31_DIS_DRS_Ent_,Mondays,06/02/2017,5
SMB,Online,Display - Affiperf,O2_Enterprise16_2016-04-14_2016-12-31_DIS_DRS_Ent_,Mondays,13/02/2017,5
SMB,Online,Display - Affiperf,O2_Enterprise16_2016-04-14_2016-12-31_DIS_DRS_Ent_,Mondays,20/02/2017,5
SMB,Online,Display - Affiperf,O2_Enterprise16_2016-04-14_2016-12-31_DIS_DRS_Ent_,Mondays,27/02/2017,2
SMB,Online,Display - Affiperf,O2_Enterprise16_2016-04-14_2016-12-31_DIS_DRS_Ent_,Mondays,06/03/2017,1
SMB,Online,Display - Affiperf,O2_Enterprise16_2016-04-14_2016-12-31_DIS_DRS_Ent_,Mondays,13/03/2017,0
SMB,Online,Display - Affiperf,O2_Enterprise16_2016-04-14_2016-12-31_DIS_DRS_Ent_,Mondays,20/03/2017,0
SMB,Online,Display - Affiperf,O2_Enterprise16_2016-04-14_2016-12-31_DIS_DRS_Ent_,Mondays,27/03/2017,49
SMB,Online,Display - Affiperf,O2_Enterprise16_2016-04-14_2016-12-31_DIS_DRS_Ent_,Mondays,03/04/2017,0
SMB,Online,Display - Affiperf,O2_Enterprise16_2016-04-14_2016-12-31_DIS_DRS_Ent_,Mondays,10/04/2017,72
SMB,Online,Display - Affiperf,O2_Enterprise2016_20160414_20161231_DIS_DRS_GBR_61,Mondays,16/01/2017,11
SMB,Online,Display - Affiperf,O2_Enterprise2016_20160414_20161231_DIS_DRS_GBR_61,Mondays,23/01/2017,158
SMB,Online,Display - Affiperf,O2_Enterprise2016_20160414_20161231_DIS_DRS_GBR_61,Mondays,30/01/2017,2
Trading,Online,Display - Affiperf,O2_JanSale_2016-12-22_2017-01-31_DIS_DRS_JS_GBR_72,Mondays,30/01/2017,6703
Trading,Online,Display - Affiperf,O2_JanSale_2016-12-22_2017-01-31_DIS_DRS_JS_GBR_72,Mondays,06/02/2017,9197
Trading,Online,Display - Affiperf,O2_JanSale_2016-12-22_2017-01-31_DIS_DRS_JS_GBR_72,Mondays,13/02/2017,1311
Trading,Online,Display - Affiperf,O2_JanSale_2016-12-22_2017-01-31_DIS_DRS_JS_GBR_72,Mondays,20/02/2017,0
Trading,Online,Display - Affiperf,O2_JanSale_20161222_20170131_DIS_DRS_GBR_72035_061,Mondays,16/01/2017,3555
Trading,Online,Display - Affiperf,O2_JanSale_20161222_20170131_DIS_DRS_GBR_72035_061,Mondays,23/01/2017,30273
Trading,Online,Display - Affiperf,O2_JanSale_20161222_20170131_DIS_DRS_GBR_72035_061,Mondays,30/01/2017,11400
Trading,Online,Display - Affiperf,O2_OnePlus3T_20170316_20170329_DIS_DRS_GBR_75497_0,Mondays,13/03/2017,2497
Trading,Online,Display - Affiperf,O2_OnePlus3T_20170316_20170329_DIS_DRS_GBR_75497_0,Mondays,20/03/2017,5329
Trading,Online,Display - Affiperf,O2_OnePlus3T_20170316_20170329_DIS_DRS_GBR_75497_0,Mondays,27/03/2017,2233
Trading,Online,Display - Affiperf,O2_OnePlus3T_20170316_20170329_DIS_DRS_GBR_75497_0,Mondays,03/04/2017,1
Trading,Online,Display - Affiperf,O2_OnePlus3T_20170331_20170430_DIS_DRS_GBR_75497_0,Mondays,03/04/2017,2399
Trading,Online,Display - Affiperf,O2_OnePlus3T_20170331_20170430_DIS_DRS_GBR_75497_0,Mondays,10/04/2017,4285
Trading,Online,Display - Affiperf,O2_PrecPlus_2016-09-28_2016-12-31_DIS_DRS_PREC_GBR,Mondays,30/01/2017,9125
Trading,Online,Display - Affiperf,O2_PrecPlus_2016-09-28_2016-12-31_DIS_DRS_PREC_GBR,Mondays,06/02/2017,14625
Trading,Online,Display - Affiperf,O2_PrecPlus_2016-09-28_2016-12-31_DIS_DRS_PREC_GBR,Mondays,13/02/2017,11848
Trading,Online,Display - Affiperf,O2_PrecPlus_2016-09-28_2016-12-31_DIS_DRS_PREC_GBR,Mondays,20/02/2017,15001
Trading,Online,Display - Affiperf,O2_PrecPlus_2016-09-28_2016-12-31_DIS_DRS_PREC_GBR,Mondays,27/02/2017,1931
Trading,Online,Display - Affiperf,O2_PrecPlus_2016-09-28_2016-12-31_DIS_DRS_PREC_GBR,Mondays,06/03/2017,2701
Trading,Online,Display - Affiperf,O2_PrecPlus_2016-09-28_2016-12-31_DIS_DRS_PREC_GBR,Mondays,13/03/2017,29122
Trading,Online,Display - Affiperf,O2_PrecPlus_2016-09-28_2016-12-31_DIS_DRS_PREC_GBR,Mondays,20/03/2017,41285
Trading,Online,Display - Affiperf,O2_PrecPlus_2016-09-28_2016-12-31_DIS_DRS_PREC_GBR,Mondays,27/03/2017,28933
Trading,Online,Display - Affiperf,O2_PrecPlus_2016-09-28_2016-12-31_DIS_DRS_PREC_GBR,Mondays,03/04/2017,12883
Trading,Online,Display - Affiperf,O2_PrecPlus_2016-09-28_2016-12-31_DIS_DRS_PREC_GBR,Mondays,10/04/2017,6051
Trading,Online,Display - Affiperf,O2_PrecProgPAYGHandsets_20170405_20181231_DIS_DRS_,Mondays,10/04/2017,0
Trading,Online,Display - Affiperf,O2_PrecProgPAYMHandsetsAndroid_DIS_DRS_GBR_76038,Mondays,10/04/2017,7591
Trading,Online,Display - Affiperf,O2_PrecProgPAYMHandsetsiPhone_DIS_DRS_GBR_76052,Mondays,03/04/2017,4887
Trading,Online,Display - Affiperf,O2_PrecProgPAYMHandsetsiPhone_DIS_DRS_GBR_76052,Mondays,10/04/2017,15454
Trading,Online,Display - Affiperf,O2_PrecProgPAYMSIM_20170227_20181231_DIS_GBR_74935,Mondays,06/03/2017,0
Trading,Online,Display - Affiperf,O2_PrecProgPAYMSIM_20170227_20181231_DIS_GBR_74935,Mondays,13/03/2017,0
Trading,Online,Display - Affiperf,O2_PrecProgPAYMSIM_20170227_20181231_DIS_GBR_74935,Mondays,20/03/2017,453
Trading,Online,Display - Affiperf,O2_PrecProgPAYMSIM_20170227_20181231_DIS_GBR_74935,Mondays,27/03/2017,11588
Trading,Online,Display - Affiperf,O2_PrecProgPAYMSIM_20170227_20181231_DIS_GBR_74935,Mondays,03/04/2017,18915
Trading,Online,Display - Affiperf,O2_PrecProgPAYMSIM_20170227_20181231_DIS_GBR_74935,Mondays,10/04/2017,15592
Trading,Online,Display - Affiperf,O2_PrecProgPAYMTablets_20170411_20181231_DIS_DRS_G,Mondays,10/04/2017,0
Trading,Online,Display - Affiperf,O2_PrecRTG2016_2016-04-06_2017-04-30_DIS_DRS_PREC_,Mondays,27/03/2017,90
Trading,Online,Display - Affiperf,O2_PrecRTG2016_2016-04-06_2017-04-30_DIS_DRS_PREC_,Mondays,03/04/2017,213
Trading,Online,Display - Affiperf,O2_PrecRTG2016_2016-04-06_2017-04-30_DIS_DRS_PREC_,Mondays,10/04/2017,169
Trading,Online,Display - Affiperf,O2_PrecRTG_2015-06-05_2015-12-31_DIS_DRS_PREC_GBR_,Mondays,30/01/2017,10
Trading,Online,Display - Affiperf,O2_PrecRTG_2015-06-05_2015-12-31_DIS_DRS_PREC_GBR_,Mondays,06/02/2017,15
Trading,Online,Display - Affiperf,O2_PrecRTG_2015-06-05_2015-12-31_DIS_DRS_PREC_GBR_,Mondays,13/02/2017,16
Trading,Online,Display - Affiperf,O2_PrecRTG_2015-06-05_2015-12-31_DIS_DRS_PREC_GBR_,Mondays,20/02/2017,13
Trading,Online,Display - Affiperf,O2_PrecRTG_2015-06-05_2015-12-31_DIS_DRS_PREC_GBR_,Mondays,27/02/2017,15
Trading,Online,Display - Affiperf,O2_PrecRTG_2015-06-05_2015-12-31_DIS_DRS_PREC_GBR_,Mondays,06/03/2017,13
Trading,Online,Display - Affiperf,O2_PrecRTG_2015-06-05_2015-12-31_DIS_DRS_PREC_GBR_,Mondays,13/03/2017,13
Trading,Online,Display - Affiperf,O2_PrecRTG_2015-06-05_2015-12-31_DIS_DRS_PREC_GBR_,Mondays,20/03/2017,11
Trading,Online,Display - Affiperf,O2_PrecRTG_2015-06-05_2015-12-31_DIS_DRS_PREC_GBR_,Mondays,27/03/2017,8
Trading,Online,Display - Affiperf,O2_PrecRTG_2015-06-05_2015-12-31_DIS_DRS_PREC_GBR_,Mondays,03/04/2017,5
Trading,Online,Display - Affiperf,O2_PrecRTG_2015-06-05_2015-12-31_DIS_DRS_PREC_GBR_,Mondays,10/04/2017,0
Trading,Online,Display - Affiperf,O2_PrecisionPlus_20160928_20161231_DIS_DRS_GBR_686,Mondays,16/01/2017,2458
Trading,Online,Display - Affiperf,O2_PrecisionPlus_20160928_20161231_DIS_DRS_GBR_686,Mondays,23/01/2017,15253
Trading,Online,Display - Affiperf,O2_PrecisionPlus_20160928_20161231_DIS_DRS_GBR_686,Mondays,30/01/2017,4519
Trading,Online,Display - Affiperf,O2_PrecisionRe-Targeting_20150605_20151231_DIS_DRS,Mondays,16/01/2017,2
Trading,Online,Display - Affiperf,O2_PrecisionRe-Targeting_20150605_20151231_DIS_DRS,Mondays,23/01/2017,13
Trading,Online,Display - Affiperf,O2_PrecisionRe-Targeting_20150605_20151231_DIS_DRS,Mondays,30/01/2017,4
Trading,Online,Display - Affiperf,O2_Q1FREESIM2016_20160101_20160330_DIS_DRS_FREESIM,Mondays,23/01/2017,0
Trading,Online,Display - Affiperf,O2_Q1PrecRTG17_2017-01-05_2017-12-31_DIS_DRS_Prec_,Mondays,30/01/2017,18902
Trading,Online,Display - Affiperf,O2_Q1PrecRTG17_2017-01-05_2017-12-31_DIS_DRS_Prec_,Mondays,06/02/2017,31909
Trading,Online,Display - Affiperf,O2_Q1PrecRTG17_2017-01-05_2017-12-31_DIS_DRS_Prec_,Mondays,13/02/2017,27265
Trading,Online,Display - Affiperf,O2_Q1PrecRTG17_2017-01-05_2017-12-31_DIS_DRS_Prec_,Mondays,20/02/2017,24836
Trading,Online,Display - Affiperf,O2_Q1PrecRTG17_2017-01-05_2017-12-31_DIS_DRS_Prec_,Mondays,27/02/2017,1931
Trading,Online,Display - Affiperf,O2_Q1PrecRTG17_2017-01-05_2017-12-31_DIS_DRS_Prec_,Mondays,06/03/2017,2701
Trading,Online,Display - Affiperf,O2_Q1PrecRTG17_2017-01-05_2017-12-31_DIS_DRS_Prec_,Mondays,13/03/2017,25029
Trading,Online,Display - Affiperf,O2_Q1PrecRTG17_2017-01-05_2017-12-31_DIS_DRS_Prec_,Mondays,20/03/2017,28122
Trading,Online,Display - Affiperf,O2_Q1PrecRTG17_2017-01-05_2017-12-31_DIS_DRS_Prec_,Mondays,27/03/2017,19261
Trading,Online,Display - Affiperf,O2_Q1PrecRTG17_2017-01-05_2017-12-31_DIS_DRS_Prec_,Mondays,03/04/2017,10280
Trading,Online,Display - Affiperf,O2_Q1PrecRTG17_2017-01-05_2017-12-31_DIS_DRS_Prec_,Mondays,10/04/2017,5610
Trading,Online,Display - Affiperf,O2_Q1PrecisionRTG2017_20170105_20171231_DIS_DRS_GB,Mondays,16/01/2017,4116
Trading,Online,Display - Affiperf,O2_Q1PrecisionRTG2017_20170105_20171231_DIS_DRS_GB,Mondays,23/01/2017,50247
Trading,Online,Display - Affiperf,O2_Q1PrecisionRTG2017_20170105_20171231_DIS_DRS_GB,Mondays,30/01/2017,20637
Trading,Online,Display - Affiperf,O2_Q1Simo17_2017-01-01_2017-04-30_DIS_DRS_Q1_GBR_7,Mondays,30/01/2017,18089
Trading,Online,Display - Affiperf,O2_Q1Simo17_2017-01-01_2017-04-30_DIS_DRS_Q1_GBR_7,Mondays,06/02/2017,13220
Trading,Online,Display - Affiperf,O2_Q1Simo17_2017-01-01_2017-04-30_DIS_DRS_Q1_GBR_7,Mondays,13/02/2017,12495
Trading,Online,Display - Affiperf,O2_Q1Simo17_2017-01-01_2017-04-30_DIS_DRS_Q1_GBR_7,Mondays,20/02/2017,8212
Trading,Online,Display - Affiperf,O2_Q1Simo17_2017-01-01_2017-04-30_DIS_DRS_Q1_GBR_7,Mondays,27/02/2017,1931
Trading,Online,Display - Affiperf,O2_Q1Simo17_2017-01-01_2017-04-30_DIS_DRS_Q1_GBR_7,Mondays,06/03/2017,2701
Trading,Online,Display - Affiperf,O2_Q1Simo17_2017-01-01_2017-04-30_DIS_DRS_Q1_GBR_7,Mondays,13/03/2017,8780
Trading,Online,Display - Affiperf,O2_Q1Simo17_2017-01-01_2017-04-30_DIS_DRS_Q1_GBR_7,Mondays,20/03/2017,8442
Trading,Online,Display - Affiperf,O2_Q1Simo17_2017-01-01_2017-04-30_DIS_DRS_Q1_GBR_7,Mondays,27/03/2017,8976
Trading,Online,Display - Affiperf,O2_Q1Simo17_2017-01-01_2017-04-30_DIS_DRS_Q1_GBR_7,Mondays,03/04/2017,12035
Trading,Online,Display - Affiperf,O2_Q1Simo17_2017-01-01_2017-04-30_DIS_DRS_Q1_GBR_7,Mondays,10/04/2017,8108
Trading,Online,Display - Affiperf,O2_Q1Simo2017_20170101_20170430_DIS_DRS_GBR_72021_,Mondays,16/01/2017,2865
Trading,Online,Display - Affiperf,O2_Q1Simo2017_20170101_20170430_DIS_DRS_GBR_72021_,Mondays,23/01/2017,19288
Trading,Online,Display - Affiperf,O2_Q1Simo2017_20170101_20170430_DIS_DRS_GBR_72021_,Mondays,30/01/2017,5358
Trading,Online,Display - Affiperf,O2_Q2PrecRTG16_2016-06-22_2016-12-31_DIS_DRS_PREC_,Mondays,30/01/2017,7752
Trading,Online,Display - Affiperf,O2_Q2PrecRTG16_2016-06-22_2016-12-31_DIS_DRS_PREC_,Mondays,06/02/2017,10804
Trading,Online,Display - Affiperf,O2_Q2PrecRTG16_2016-06-22_2016-12-31_DIS_DRS_PREC_,Mondays,13/02/2017,9981
Trading,Online,Display - Affiperf,O2_Q2PrecRTG16_2016-06-22_2016-12-31_DIS_DRS_PREC_,Mondays,20/02/2017,11231
Trading,Online,Display - Affiperf,O2_Q2PrecRTG16_2016-06-22_2016-12-31_DIS_DRS_PREC_,Mondays,27/02/2017,1931
Trading,Online,Display - Affiperf,O2_Q2PrecRTG16_2016-06-22_2016-12-31_DIS_DRS_PREC_,Mondays,06/03/2017,2701
Trading,Online,Display - Affiperf,O2_Q2PrecRTG16_2016-06-22_2016-12-31_DIS_DRS_PREC_,Mondays,13/03/2017,11522
Trading,Online,Display - Affiperf,O2_Q2PrecRTG16_2016-06-22_2016-12-31_DIS_DRS_PREC_,Mondays,20/03/2017,7674
Trading,Online,Display - Affiperf,O2_Q2PrecRTG16_2016-06-22_2016-12-31_DIS_DRS_PREC_,Mondays,27/03/2017,8186
Trading,Online,Display - Affiperf,O2_Q3PrecRTG_2016-07-05_2016-12-31_DIS_DRS_PREC_GB,Mondays,30/01/2017,3178
Trading,Online,Display - Affiperf,O2_Q3PrecRTG_2016-07-05_2016-12-31_DIS_DRS_PREC_GB,Mondays,06/02/2017,5010
Trading,Online,Display - Affiperf,O2_Q3PrecRTG_2016-07-05_2016-12-31_DIS_DRS_PREC_GB,Mondays,13/02/2017,4586
Trading,Online,Display - Affiperf,O2_Q3PrecRTG_2016-07-05_2016-12-31_DIS_DRS_PREC_GB,Mondays,20/02/2017,6862
Trading,Online,Display - Affiperf,O2_Q3PrecRTG_2016-07-05_2016-12-31_DIS_DRS_PREC_GB,Mondays,27/02/2017,4573
Trading,Online,Display - Affiperf,O2_Q3PrecRTG_2016-07-05_2016-12-31_DIS_DRS_PREC_GB,Mondays,06/03/2017,6577
Trading,Online,Display - Affiperf,O2_Q3PrecRTG_2016-07-05_2016-12-31_DIS_DRS_PREC_GB,Mondays,13/03/2017,6561
Trading,Online,Display - Affiperf,O2_Q3PrecRTG_2016-07-05_2016-12-31_DIS_DRS_PREC_GB,Mondays,20/03/2017,3988
Trading,Online,Display - Affiperf,O2_Q3PrecRTG_2016-07-05_2016-12-31_DIS_DRS_PREC_GB,Mondays,27/03/2017,2403
Trading,Online,Display - Affiperf,O2_Q3PrecRTG_2016-07-05_2016-12-31_DIS_DRS_PREC_GB,Mondays,03/04/2017,5262
Trading,Online,Display - Affiperf,O2_Q3PrecRTG_2016-07-05_2016-12-31_DIS_DRS_PREC_GB,Mondays,10/04/2017,3309
Trading,Online,Display - Affiperf,O2_Q3SIMO_2016-06-22_2016-09-30_DIS_DRS_SIMO_GBR_6,Mondays,30/01/2017,0
Trading,Online,Display - Affiperf,O2_Q3SIMO_2016-06-22_2016-09-30_DIS_DRS_SIMO_GBR_6,Mondays,06/02/2017,0
Trading,Online,Display - Affiperf,O2_Q4PrecRTG_2016-09-27_2017-12-31_DIS_DRS_PREC_GB,Mondays,30/01/2017,7727
Trading,Online,Display - Affiperf,O2_Q4PrecRTG_2016-09-27_2017-12-31_DIS_DRS_PREC_GB,Mondays,06/02/2017,11544
Trading,Online,Display - Affiperf,O2_Q4PrecRTG_2016-09-27_2017-12-31_DIS_DRS_PREC_GB,Mondays,13/02/2017,11652
Trading,Online,Display - Affiperf,O2_Q4PrecRTG_2016-09-27_2017-12-31_DIS_DRS_PREC_GB,Mondays,20/02/2017,13437
Trading,Online,Display - Affiperf,O2_Q4PrecRTG_2016-09-27_2017-12-31_DIS_DRS_PREC_GB,Mondays,27/02/2017,1931
Trading,Online,Display - Affiperf,O2_Q4PrecRTG_2016-09-27_2017-12-31_DIS_DRS_PREC_GB,Mondays,06/03/2017,2701
Trading,Online,Display - Affiperf,O2_Q4PrecRTG_2016-09-27_2017-12-31_DIS_DRS_PREC_GB,Mondays,13/03/2017,14338
Trading,Online,Display - Affiperf,O2_Q4PrecRTG_2016-09-27_2017-12-31_DIS_DRS_PREC_GB,Mondays,20/03/2017,11041
Trading,Online,Display - Affiperf,O2_Q4PrecRTG_2016-09-27_2017-12-31_DIS_DRS_PREC_GB,Mondays,27/03/2017,11007
Trading,Online,Display - Affiperf,O2_Q4PrecRTG_2016-09-27_2017-12-31_DIS_DRS_PREC_GB,Mondays,03/04/2017,18364
Trading,Online,Display - Affiperf,O2_Q4PrecRTG_2016-09-27_2017-12-31_DIS_DRS_PREC_GB,Mondays,10/04/2017,15252
Trading,Online,Display - Affiperf,O2_Q4PrecisionRTG_20160927_20171231_DIS_DRS_GBR_68,Mondays,16/01/2017,2616
Trading,Online,Display - Affiperf,O2_Q4PrecisionRTG_20160927_20171231_DIS_DRS_GBR_68,Mondays,23/01/2017,15165
Trading,Online,Display - Affiperf,O2_Q4PrecisionRTG_20160927_20171231_DIS_DRS_GBR_68,Mondays,30/01/2017,3457
Trading,Online,Display - Affiperf,O2_SIMOViewability_20170101_20170531_DIS_DRS_GBR_7,Mondays,27/02/2017,1931
Trading,Online,Display - Affiperf,O2_SIMOViewability_20170101_20170531_DIS_DRS_GBR_7,Mondays,06/03/2017,2701
Trading,Online,Display - Affiperf,O2_SIMOViewability_20170101_20170531_DIS_DRS_GBR_7,Mondays,13/03/2017,7575
Trading,Online,Display - Affiperf,O2_SIMOViewability_20170101_20170531_DIS_DRS_GBR_7,Mondays,20/03/2017,7000
Trading,Online,Display - Affiperf,O2_SIMOViewability_20170101_20170531_DIS_DRS_GBR_7,Mondays,27/03/2017,7196
Trading,Online,Display - Affiperf,O2_SIMOViewability_20170101_20170531_DIS_DRS_GBR_7,Mondays,03/04/2017,0
SMB,Online,Display - Affiperf,O2_SMBFlagships17_20170217_20170501_DIS_DRS_RTG_74,Mondays,20/02/2017,0
SMB,Online,Display - Affiperf,O2_SMBFlagships17_20170217_20170501_DIS_DRS_RTG_74,Mondays,27/02/2017,946
SMB,Online,Display - Affiperf,O2_SMBFlagships17_20170217_20170501_DIS_DRS_RTG_74,Mondays,06/03/2017,10773
SMB,Online,Display - Affiperf,O2_SMBFlagships17_20170217_20170501_DIS_DRS_RTG_74,Mondays,13/03/2017,4232
SMB,Online,Display - Affiperf,O2_SMBFlagships17_20170217_20170501_DIS_DRS_RTG_74,Mondays,20/03/2017,801
SMB,Online,Display - Affiperf,O2_SMBFlagships17_20170217_20170501_DIS_DRS_RTG_74,Mondays,27/03/2017,707
SMB,Online,Display - Affiperf,O2_SMBFlagships17_20170217_20170501_DIS_DRS_RTG_74,Mondays,03/04/2017,0
SMB,Online,Display - Affiperf,O2_SMBFlagships17_20170217_20170501_DIS_DRS_RTG_74,Mondays,10/04/2017,0
SMB,Online,Display - Affiperf,O2_SMBJanSale_2016-12-22_2017-01-31_DIS_DRS_GBR_72,Mondays,30/01/2017,0
SMB,Online,Display - Affiperf,O2_SMBJanSale_2016-12-22_2017-01-31_DIS_DRS_GBR_72,Mondays,06/02/2017,0
SMB,Online,Display - Affiperf,O2_SMBJanSale_2016-12-22_2017-01-31_DIS_DRS_GBR_72,Mondays,13/02/2017,0
SMB,Online,Display - Affiperf,O2_SMBJanSale_20161222_20170131_DIS_DRS_GBR_72143_,Mondays,16/01/2017,1498
SMB,Online,Display - Affiperf,O2_SMBJanSale_20161222_20170131_DIS_DRS_GBR_72143_,Mondays,23/01/2017,4213
SMB,Online,Display - Affiperf,O2_SMBJanSale_20161222_20170131_DIS_DRS_GBR_72143_,Mondays,30/01/2017,417
Trading,Online,Display - Affiperf,O2_SamsungASeries_20170203_20170228_DIS_DRS_GBR_73,Mondays,30/01/2017,1855
Trading,Online,Display - Affiperf,O2_SamsungASeries_20170203_20170228_DIS_DRS_GBR_73,Mondays,06/02/2017,10784
Trading,Online,Display - Affiperf,O2_SamsungASeries_20170203_20170228_DIS_DRS_GBR_73,Mondays,13/02/2017,15687
Trading,Online,Display - Affiperf,O2_SamsungASeries_20170203_20170228_DIS_DRS_GBR_73,Mondays,20/02/2017,15918
Trading,Online,Display - Affiperf,O2_SamsungASeries_20170203_20170228_DIS_DRS_GBR_73,Mondays,27/02/2017,2472
Trading,Online,Display - Affiperf,O2_SamsungASeries_20170203_20170228_DIS_DRS_GBR_73,Mondays,06/03/2017,0
Trading,Online,Display - Affiperf,O2_SamsungDream_20170321_20170328_DIS_DRS_GBR_7566,Mondays,13/03/2017,0
Trading,Online,Display - Affiperf,O2_SamsungDream_20170321_20170328_DIS_DRS_GBR_7566,Mondays,20/03/2017,6620
Trading,Online,Display - Affiperf,O2_SamsungDream_20170321_20170328_DIS_DRS_GBR_7566,Mondays,27/03/2017,25234
Trading,Online,Display - Affiperf,O2_SamsungDream_20170321_20170328_DIS_DRS_GBR_7566,Mondays,03/04/2017,17157
Trading,Online,Display - Affiperf,O2_SamsungDream_20170321_20170328_DIS_DRS_GBR_7566,Mondays,10/04/2017,11885
Trading,Online,Display - Affiperf,O2_SonyBATB_20170307_20170322_DIS_DRS_GBR_75274_06,Mondays,06/03/2017,1992
Trading,Online,Display - Affiperf,O2_SonyBATB_20170307_20170322_DIS_DRS_GBR_75274_06,Mondays,13/03/2017,18229
Trading,Online,Display - Affiperf,O2_SonyBATB_20170307_20170322_DIS_DRS_GBR_75274_06,Mondays,20/03/2017,15565
Trading,Online,Display - Affiperf,O2_SonyBATB_20170307_20170322_DIS_DRS_GBR_75274_06,Mondays,27/03/2017,0
Trading,Online,Display - Affiperf,O2_SonyBATB_20170307_20170322_DIS_DRS_GBR_75274_06,Mondays,03/04/2017,0
Trading,Online,Display - Affiperf,O2_SonyBATB_20170307_20170322_DIS_DRS_GBR_75274_06,Mondays,10/04/2017,0
Trading,Online,Display - Affiperf,O2_SpeedtoRefresh_20170223_20170721_DIS_DRS_GBR_74,Mondays,20/02/2017,116
Trading,Online,Display - Affiperf,O2_SpeedtoRefresh_20170223_20170721_DIS_DRS_GBR_74,Mondays,27/02/2017,106
Trading,Online,Display - Affiperf,O2_SpeedtoRefresh_20170223_20170721_DIS_DRS_GBR_74,Mondays,06/03/2017,82
Trading,Online,Display - Affiperf,O2_SpeedtoRefresh_20170223_20170721_DIS_DRS_GBR_74,Mondays,13/03/2017,82
Trading,Online,Display - Affiperf,O2_SpeedtoRefresh_20170223_20170721_DIS_DRS_GBR_74,Mondays,20/03/2017,80
Trading,Online,Display - Affiperf,O2_SpeedtoRefresh_20170223_20170721_DIS_DRS_GBR_74,Mondays,27/03/2017,94
Trading,Online,Display - Affiperf,O2_SpeedtoRefresh_20170223_20170721_DIS_DRS_GBR_74,Mondays,03/04/2017,96
Trading,Online,Display - Affiperf,O2_SpeedtoRefresh_20170223_20170721_DIS_DRS_GBR_74,Mondays,10/04/2017,56
Trading,Online,Paid Search,Connected Devices,Mondays,16/01/2017,70
Trading,Online,Paid Search,Connected Devices,Mondays,23/01/2017,557
Trading,Online,Paid Search,Connected Devices,Mondays,30/01/2017,369
Trading,Online,Paid Search,FreeSim,Mondays,16/01/2017,1983
Trading,Online,Paid Search,FreeSim,Mondays,23/01/2017,30683
Trading,Online,Paid Search,FreeSim,Mondays,30/01/2017,33458
Trading,Online,Paid Search,FreeSim,Mondays,06/02/2017,32873
Trading,Online,Paid Search,FreeSim,Mondays,13/02/2017,34684
Trading,Online,Paid Search,FreeSim,Mondays,20/02/2017,29992
Trading,Online,Paid Search,FreeSim,Mondays,27/02/2017,35508
Trading,Online,Paid Search,FreeSim,Mondays,06/03/2017,28386
Trading,Online,Paid Search,FreeSim,Mondays,13/03/2017,31866
Trading,Online,Paid Search,FreeSim,Mondays,20/03/2017,35455
Trading,Online,Paid Search,FreeSim,Mondays,27/03/2017,44495
Trading,Online,Paid Search,FreeSim,Mondays,03/04/2017,28294
Trading,Online,Paid Search,FreeSim,Mondays,10/04/2017,26686
Trading,Online,Paid Search,International SIM,Mondays,16/01/2017,62
Trading,Online,Paid Search,International SIM,Mondays,23/01/2017,509
Trading,Online,Paid Search,International SIM,Mondays,30/01/2017,609
Trading,Online,Paid Search,International SIM,Mondays,06/02/2017,616
Trading,Online,Paid Search,International SIM,Mondays,13/02/2017,597
Trading,Online,Paid Search,International SIM,Mondays,20/02/2017,825
Trading,Online,Paid Search,International SIM,Mondays,27/02/2017,992
Trading,Online,Paid Search,International SIM,Mondays,06/03/2017,759
Trading,Online,Paid Search,International SIM,Mondays,13/03/2017,862
Trading,Online,Paid Search,International SIM,Mondays,20/03/2017,824
Trading,Online,Paid Search,International SIM,Mondays,27/03/2017,896
Trading,Online,Paid Search,International SIM,Mondays,03/04/2017,692
Trading,Online,Paid Search,International SIM,Mondays,10/04/2017,625
Trading,Online,Paid Search,N/A,Mondays,16/01/2017,161
Trading,Online,Paid Search,N/A,Mondays,23/01/2017,1119
Trading,Online,Paid Search,N/A,Mondays,30/01/2017,1154
Trading,Online,Paid Search,N/A,Mondays,06/02/2017,1078
Trading,Online,Paid Search,N/A,Mondays,13/02/2017,693
Trading,Online,Paid Search,N/A,Mondays,20/02/2017,989
Trading,Online,Paid Search,N/A,Mondays,27/02/2017,1763
Trading,Online,Paid Search,N/A,Mondays,06/03/2017,1384
Trading,Online,Paid Search,N/A,Mondays,13/03/2017,1307
Trading,Online,Paid Search,N/A,Mondays,20/03/2017,1152
Trading,Online,Paid Search,N/A,Mondays,27/03/2017,330
Trading,Online,Paid Search,N/A,Mondays,03/04/2017,326
Trading,Online,Paid Search,N/A,Mondays,10/04/2017,286
Trading,Online,Paid Search,Pay Monthly Handsets,Mondays,16/01/2017,11139
Trading,Online,Paid Search,Pay Monthly Handsets,Mondays,23/01/2017,105494
Trading,Online,Paid Search,Pay Monthly Handsets,Mondays,30/01/2017,109204
Trading,Online,Paid Search,Pay Monthly Handsets,Mondays,06/02/2017,91192
Trading,Online,Paid Search,Pay Monthly Handsets,Mondays,13/02/2017,116926
Trading,Online,Paid Search,Pay Monthly Handsets,Mondays,20/02/2017,118820
Trading,Online,Paid Search,Pay Monthly Handsets,Mondays,27/02/2017,137922
Trading,Online,Paid Search,Pay Monthly Handsets,Mondays,06/03/2017,110577
Trading,Online,Paid Search,Pay Monthly Handsets,Mondays,13/03/2017,137338
Trading,Online,Paid Search,Pay Monthly Handsets,Mondays,20/03/2017,102466
Trading,Online,Paid Search,Pay Monthly Handsets,Mondays,27/03/2017,264816
Trading,Online,Paid Search,Pay Monthly Handsets,Mondays,03/04/2017,200889
Trading,Online,Paid Search,Pay Monthly Handsets,Mondays,10/04/2017,102436
Trading,Online,Paid Search,SIMO,Mondays,16/01/2017,3650
Trading,Online,Paid Search,SIMO,Mondays,23/01/2017,20429
Trading,Online,Paid Search,SIMO,Mondays,30/01/2017,19810
Trading,Online,Paid Search,SIMO,Mondays,06/02/2017,29420
Trading,Online,Paid Search,SIMO,Mondays,13/02/2017,34622
Trading,Online,Paid Search,SIMO,Mondays,20/02/2017,31332
Trading,Online,Paid Search,SIMO,Mondays,27/02/2017,42066
Trading,Online,Paid Search,SIMO,Mondays,06/03/2017,42631
Trading,Online,Paid Search,SIMO,Mondays,13/03/2017,53912
Trading,Online,Paid Search,SIMO,Mondays,20/03/2017,43309
Trading,Online,Paid Search,SIMO,Mondays,27/03/2017,32200
Trading,Online,Paid Search,SIMO,Mondays,03/04/2017,30204
Trading,Online,Paid Search,SIMO,Mondays,10/04/2017,34314
Trading,Online,Paid Search,SMB,Mondays,16/01/2017,514
Trading,Online,Paid Search,SMB,Mondays,23/01/2017,5679
Trading,Online,Paid Search,SMB,Mondays,30/01/2017,6178
Trading,Online,Paid Search,SMB,Mondays,06/02/2017,7095
Trading,Online,Paid Search,SMB,Mondays,13/02/2017,5796
Trading,Online,Paid Search,SMB,Mondays,20/02/2017,6129
Trading,Online,Paid Search,SMB,Mondays,27/02/2017,8696
Trading,Online,Paid Search,SMB,Mondays,06/03/2017,7441
Trading,Online,Paid Search,SMB,Mondays,13/03/2017,6623
Trading,Online,Paid Search,SMB,Mondays,20/03/2017,6941
Trading,Online,Paid Search,SMB,Mondays,27/03/2017,7329
Trading,Online,Paid Search,SMB,Mondays,03/04/2017,6071
Trading,Online,Paid Search,SMB,Mondays,10/04/2017,5355
Trading,Online,Paid Search,Tablet,Mondays,16/01/2017,153
Trading,Online,Paid Search,Tablet,Mondays,23/01/2017,1183
Trading,Online,Paid Search,Tablet,Mondays,30/01/2017,817
Trading,Online,Paid Search,Tablet,Mondays,06/02/2017,589
Trading,Online,Paid Search,Tablet,Mondays,13/02/2017,498
Trading,Online,Paid Search,Tablet,Mondays,20/02/2017,416
Trading,Online,Paid Search,Tablet,Mondays,27/02/2017,481
Trading,Online,Paid Search,Tablet,Mondays,06/03/2017,403
Trading,Online,Paid Search,Tablet,Mondays,13/03/2017,652
Trading,Online,Paid Search,Tablet,Mondays,20/03/2017,743
Trading,Online,Paid Search,Tablet,Mondays,27/03/2017,839
Trading,Online,Paid Search,Tablet,Mondays,03/04/2017,359
Trading,Online,Paid Search,Tablet,Mondays,10/04/2017,442
Trading,Online,Paid Search,Trading Mobile BB,Mondays,16/01/2017,173
Trading,Online,Paid Search,Trading Mobile BB,Mondays,23/01/2017,1234
Trading,Online,Paid Search,Trading Mobile BB,Mondays,30/01/2017,1043
Trading,Online,Paid Search,Trading Mobile BB,Mondays,06/02/2017,854
Trading,Online,Paid Search,Trading Mobile BB,Mondays,13/02/2017,820
Trading,Online,Paid Search,Trading Mobile BB,Mondays,20/02/2017,828
Trading,Online,Paid Search,Trading Mobile BB,Mondays,27/02/2017,1123
Trading,Online,Paid Search,Trading Mobile BB,Mondays,06/03/2017,875
Trading,Online,Paid Search,Trading Mobile BB,Mondays,13/03/2017,1297
Trading,Online,Paid Search,Trading Mobile BB,Mondays,20/03/2017,1129
Trading,Online,Paid Search,Trading Mobile BB,Mondays,27/03/2017,1407
Trading,Online,Paid Search,Trading Mobile BB,Mondays,03/04/2017,889
Trading,Online,Paid Search,Trading Mobile BB,Mondays,10/04/2017,811
Trading,Online,Paid Search,Trading Tablet,Mondays,16/01/2017,2961
Trading,Online,Paid Search,Trading Tablet,Mondays,23/01/2017,18931
Trading,Online,Paid Search,Trading Tablet,Mondays,30/01/2017,16899
Trading,Online,Paid Search,Trading Tablet,Mondays,06/02/2017,9773
Trading,Online,Paid Search,Trading Tablet,Mondays,13/02/2017,10588
Trading,Online,Paid Search,Trading Tablet,Mondays,20/02/2017,10450
Trading,Online,Paid Search,Trading Tablet,Mondays,27/02/2017,13769
Trading,Online,Paid Search,Trading Tablet,Mondays,06/03/2017,17930
Trading,Online,Paid Search,Trading Tablet,Mondays,13/03/2017,24137
Trading,Online,Paid Search,Trading Tablet,Mondays,20/03/2017,27874
Trading,Online,Paid Search,Trading Tablet,Mondays,27/03/2017,20783
Trading,Online,Paid Search,Trading Tablet,Mondays,03/04/2017,14307
Trading,Online,Paid Search,Trading Tablet,Mondays,10/04/2017,16488
Trading,Online,Paid Social,N/A,Mondays,16/01/2017,20474
Trading,Online,Paid Social,N/A,Mondays,23/01/2017,145134
Trading,Online,Paid Social,N/A,Mondays,30/01/2017,113482
Trading,Online,Paid Social,N/A,Mondays,06/02/2017,89386
Trading,Online,Paid Social,N/A,Mondays,13/02/2017,110106
Trading,Online,Paid Social,N/A,Mondays,20/02/2017,137796
Trading,Online,Paid Social,N/A,Mondays,27/02/2017,61940
Trading,Online,Paid Social,N/A,Mondays,06/03/2017,139745
Trading,Online,Paid Social,N/A,Mondays,13/03/2017,149531
Trading,Online,Paid Social,N/A,Mondays,20/03/2017,195652
Trading,Online,Paid Social,N/A,Mondays,27/03/2017,200182
Trading,Online,Paid Social,N/A,Mondays,03/04/2017,82494
Trading,Online,Paid Social,N/A,Mondays,10/04/2017,29070
Trading,Online,Standard Display,Affiliate Window Fusepump Creative Hub,Mondays,16/01/2017,0
Trading,Online,Standard Display,Affiliate Window Fusepump Creative Hub,Mondays,23/01/2017,0
Trading,Online,Standard Display,Affiliate Window Fusepump Creative Hub,Mondays,30/01/2017,0
Trading,Online,Standard Display,Affiliate Window Fusepump Creative Hub,Mondays,06/02/2017,0
Trading,Online,Standard Display,Affiliate Window Fusepump Creative Hub,Mondays,13/02/2017,0
Trading,Online,Standard Display,Affiliate Window Fusepump Creative Hub,Mondays,20/02/2017,0
Trading,Online,Standard Display,Affiliate Window Fusepump Creative Hub,Mondays,27/02/2017,0
Trading,Online,Standard Display,Affiliate Window Fusepump Creative Hub,Mondays,06/03/2017,0
Trading,Online,Standard Display,Affiliate Window Fusepump Creative Hub,Mondays,13/03/2017,0
Trading,Online,Standard Display,Affiliate Window Fusepump Creative Hub,Mondays,20/03/2017,0
Trading,Online,Standard Display,Affiliate Window Fusepump Creative Hub,Mondays,27/03/2017,0
Trading,Online,Standard Display,Affiliate Window Fusepump Creative Hub,Mondays,03/04/2017,0
Trading,Online,Standard Display,Affiliate Window Fusepump Creative Hub,Mondays,10/04/2017,0
SMB,Online,Standard Display,O2_Enterprise16_2016-04-14_2016-12-31_DIS_DRS_Ent_,Mondays,30/01/2017,46
SMB,Online,Standard Display,O2_Enterprise16_2016-04-14_2016-12-31_DIS_DRS_Ent_,Mondays,06/02/2017,107
SMB,Online,Standard Display,O2_Enterprise16_2016-04-14_2016-12-31_DIS_DRS_Ent_,Mondays,13/02/2017,253
SMB,Online,Standard Display,O2_Enterprise16_2016-04-14_2016-12-31_DIS_DRS_Ent_,Mondays,20/02/2017,220
SMB,Online,Standard Display,O2_Enterprise16_2016-04-14_2016-12-31_DIS_DRS_Ent_,Mondays,27/02/2017,116
SMB,Online,Standard Display,O2_Enterprise16_2016-04-14_2016-12-31_DIS_DRS_Ent_,Mondays,06/03/2017,419
SMB,Online,Standard Display,O2_Enterprise16_2016-04-14_2016-12-31_DIS_DRS_Ent_,Mondays,13/03/2017,125
SMB,Online,Standard Display,O2_Enterprise16_2016-04-14_2016-12-31_DIS_DRS_Ent_,Mondays,20/03/2017,119
SMB,Online,Standard Display,O2_Enterprise16_2016-04-14_2016-12-31_DIS_DRS_Ent_,Mondays,27/03/2017,119
SMB,Online,Standard Display,O2_Enterprise16_2016-04-14_2016-12-31_DIS_DRS_Ent_,Mondays,03/04/2017,0
SMB,Online,Standard Display,O2_Enterprise2016_20160414_20161231_DIS_DRS_GBR_61,Mondays,16/01/2017,13
SMB,Online,Standard Display,O2_Enterprise2016_20160414_20161231_DIS_DRS_GBR_61,Mondays,23/01/2017,213
SMB,Online,Standard Display,O2_Enterprise2016_20160414_20161231_DIS_DRS_GBR_61,Mondays,30/01/2017,64
Trading,Online,Standard Display,O2_JanSale_2016-12-22_2017-01-31_DIS_DRS_JS_GBR_72,Mondays,30/01/2017,0
Trading,Online,Standard Display,O2_JanSale_2016-12-22_2017-01-31_DIS_DRS_JS_GBR_72,Mondays,06/02/2017,0
Trading,Online,Standard Display,O2_JanSale_2016-12-22_2017-01-31_DIS_DRS_JS_GBR_72,Mondays,13/02/2017,0
Trading,Online,Standard Display,O2_JanSale_2016-12-22_2017-01-31_DIS_DRS_JS_GBR_72,Mondays,20/02/2017,0
Trading,Online,Standard Display,O2_JanSale_20161222_20170131_DIS_DRS_GBR_72035_061,Mondays,16/01/2017,6679
Trading,Online,Standard Display,O2_JanSale_20161222_20170131_DIS_DRS_GBR_72035_061,Mondays,23/01/2017,59962
Trading,Online,Standard Display,O2_JanSale_20161222_20170131_DIS_DRS_GBR_72035_061,Mondays,30/01/2017,14881
Trading,Online,Standard Display,O2_OnePlus3T_20170316_20170329_DIS_DRS_GBR_75497_0,Mondays,13/03/2017,2406
Trading,Online,Standard Display,O2_OnePlus3T_20170316_20170329_DIS_DRS_GBR_75497_0,Mondays,20/03/2017,1477
Trading,Online,Standard Display,O2_OnePlus3T_20170316_20170329_DIS_DRS_GBR_75497_0,Mondays,27/03/2017,2384
Trading,Online,Standard Display,O2_OnePlus3T_20170316_20170329_DIS_DRS_GBR_75497_0,Mondays,03/04/2017,0
Trading,Online,Standard Display,O2_OnePlus3T_20170331_20170430_DIS_DRS_GBR_75497_0,Mondays,03/04/2017,994
Trading,Online,Standard Display,O2_OnePlus3T_20170331_20170430_DIS_DRS_GBR_75497_0,Mondays,10/04/2017,1847
Brand,Online,Standard Display,O2_PaidSocialPriority_20161108_20171231_SOC_DRS_GB,Mondays,16/01/2017,0
Brand,Online,Standard Display,O2_PaidSocialPriority_20161108_20171231_SOC_DRS_GB,Mondays,23/01/2017,29
Brand,Online,Standard Display,O2_PaidSocialPriority_20161108_20171231_SOC_DRS_GB,Mondays,30/01/2017,41
Brand,Online,Standard Display,O2_PaidSocialPriority_20161108_20171231_SOC_DRS_GB,Mondays,06/02/2017,64
Brand,Online,Standard Display,O2_PaidSocialPriority_20161108_20171231_SOC_DRS_GB,Mondays,13/02/2017,0
Brand,Online,Standard Display,O2_PaidSocialPriority_20161108_20171231_SOC_DRS_GB,Mondays,20/02/2017,0
Brand,Online,Standard Display,O2_PaidSocialPriority_20161108_20171231_SOC_DRS_GB,Mondays,27/02/2017,29
Brand,Online,Standard Display,O2_PaidSocialPriority_20161108_20171231_SOC_DRS_GB,Mondays,06/03/2017,23
Brand,Online,Standard Display,O2_PaidSocialPriority_20161108_20171231_SOC_DRS_GB,Mondays,13/03/2017,0
Brand,Online,Standard Display,O2_PaidSocialPriority_20161108_20171231_SOC_DRS_GB,Mondays,20/03/2017,56
Brand,Online,Standard Display,O2_PaidSocialPriority_20161108_20171231_SOC_DRS_GB,Mondays,27/03/2017,64
Brand,Online,Standard Display,O2_PaidSocialPriority_20161108_20171231_SOC_DRS_GB,Mondays,03/04/2017,18
Brand,Online,Standard Display,O2_PaidSocialPriority_20161108_20171231_SOC_DRS_GB,Mondays,10/04/2017,0
Trading,Online,Standard Display,O2_PrecRTG2016_2016-04-06_2017-04-30_DIS_DRS_PREC_,Mondays,30/01/2017,15825
Trading,Online,Standard Display,O2_PrecRTG2016_2016-04-06_2017-04-30_DIS_DRS_PREC_,Mondays,06/02/2017,22500
Trading,Online,Standard Display,O2_PrecRTG2016_2016-04-06_2017-04-30_DIS_DRS_PREC_,Mondays,13/02/2017,21044
Trading,Online,Standard Display,O2_PrecRTG2016_2016-04-06_2017-04-30_DIS_DRS_PREC_,Mondays,20/02/2017,24642
Trading,Online,Standard Display,O2_PrecRTG2016_2016-04-06_2017-04-30_DIS_DRS_PREC_,Mondays,27/02/2017,1931
Trading,Online,Standard Display,O2_PrecRTG2016_2016-04-06_2017-04-30_DIS_DRS_PREC_,Mondays,06/03/2017,2701
Trading,Online,Standard Display,O2_PrecRTG2016_2016-04-06_2017-04-30_DIS_DRS_PREC_,Mondays,13/03/2017,22965
Trading,Online,Standard Display,O2_PrecRTG2016_2016-04-06_2017-04-30_DIS_DRS_PREC_,Mondays,20/03/2017,19224
Trading,Online,Standard Display,O2_PrecRTG2016_2016-04-06_2017-04-30_DIS_DRS_PREC_,Mondays,27/03/2017,14951
Trading,Online,Standard Display,O2_PrecRTG2016_2016-04-06_2017-04-30_DIS_DRS_PREC_,Mondays,03/04/2017,15285
Trading,Online,Standard Display,O2_PrecRTG2016_2016-04-06_2017-04-30_DIS_DRS_PREC_,Mondays,10/04/2017,7160
Trading,Online,Standard Display,O2_PrecisionRT2016_20160406_20170430_DIS_DRS_GBR_6,Mondays,16/01/2017,3478
Trading,Online,Standard Display,O2_PrecisionRT2016_20160406_20170430_DIS_DRS_GBR_6,Mondays,23/01/2017,26447
Trading,Online,Standard Display,O2_PrecisionRT2016_20160406_20170430_DIS_DRS_GBR_6,Mondays,30/01/2017,7774
Brand,Online,Standard Display,O2_Priority_2015-05-05_2015-12-31_DIS_DRS_Priority,Mondays,03/04/2017,0
Brand,Online,Standard Display,O2_Priority_2015-05-05_2015-12-31_DIS_DRS_Priority,Mondays,10/04/2017,0
Trading,Online,Standard Display,O2_Q1FREESIM2016_20160101_20160330_DIS_DRS_FREESIM,Mondays,23/01/2017,0
Trading,Online,Standard Display,O2_Q1Simo17_2017-01-01_2017-04-30_DIS_DRS_Q1_GBR_7,Mondays,30/01/2017,2890
Trading,Online,Standard Display,O2_Q1Simo17_2017-01-01_2017-04-30_DIS_DRS_Q1_GBR_7,Mondays,06/02/2017,3315
Trading,Online,Standard Display,O2_Q1Simo17_2017-01-01_2017-04-30_DIS_DRS_Q1_GBR_7,Mondays,13/02/2017,2623
Trading,Online,Standard Display,O2_Q1Simo17_2017-01-01_2017-04-30_DIS_DRS_Q1_GBR_7,Mondays,20/02/2017,4022
Trading,Online,Standard Display,O2_Q1Simo17_2017-01-01_2017-04-30_DIS_DRS_Q1_GBR_7,Mondays,27/02/2017,1931
Trading,Online,Standard Display,O2_Q1Simo17_2017-01-01_2017-04-30_DIS_DRS_Q1_GBR_7,Mondays,06/03/2017,2701
Trading,Online,Standard Display,O2_Q1Simo17_2017-01-01_2017-04-30_DIS_DRS_Q1_GBR_7,Mondays,13/03/2017,1201
Trading,Online,Standard Display,O2_Q1Simo17_2017-01-01_2017-04-30_DIS_DRS_Q1_GBR_7,Mondays,20/03/2017,1658
Trading,Online,Standard Display,O2_Q1Simo17_2017-01-01_2017-04-30_DIS_DRS_Q1_GBR_7,Mondays,27/03/2017,3006
Trading,Online,Standard Display,O2_Q1Simo17_2017-01-01_2017-04-30_DIS_DRS_Q1_GBR_7,Mondays,03/04/2017,15220
Trading,Online,Standard Display,O2_Q1Simo17_2017-01-01_2017-04-30_DIS_DRS_Q1_GBR_7,Mondays,10/04/2017,13096
Trading,Online,Standard Display,O2_Q1Simo2017_20170101_20170430_DIS_DRS_GBR_72021_,Mondays,16/01/2017,405
Trading,Online,Standard Display,O2_Q1Simo2017_20170101_20170430_DIS_DRS_GBR_72021_,Mondays,23/01/2017,2816
Trading,Online,Standard Display,O2_Q1Simo2017_20170101_20170430_DIS_DRS_GBR_72021_,Mondays,30/01/2017,1160
Trading,Online,Standard Display,O2_Q2PrecRTG16_2016-06-22_2016-12-31_DIS_DRS_PREC_,Mondays,30/01/2017,0
Trading,Online,Standard Display,O2_Q2PrecRTG16_2016-06-22_2016-12-31_DIS_DRS_PREC_,Mondays,06/02/2017,0
Trading,Online,Standard Display,O2_Q2PrecRTG16_2016-06-22_2016-12-31_DIS_DRS_PREC_,Mondays,13/02/2017,0
Trading,Online,Standard Display,O2_Q2PrecRTG16_2016-06-22_2016-12-31_DIS_DRS_PREC_,Mondays,20/02/2017,0
Trading,Online,Standard Display,O2_Q2PrecRTG16_2016-06-22_2016-12-31_DIS_DRS_PREC_,Mondays,27/02/2017,0
Trading,Online,Standard Display,O2_Q2PrecRTG16_2016-06-22_2016-12-31_DIS_DRS_PREC_,Mondays,06/03/2017,0
Trading,Online,Standard Display,O2_Q2PrecRTG16_2016-06-22_2016-12-31_DIS_DRS_PREC_,Mondays,13/03/2017,0
Trading,Online,Standard Display,O2_Q2PrecRTG16_2016-06-22_2016-12-31_DIS_DRS_PREC_,Mondays,20/03/2017,0
Trading,Online,Standard Display,O2_Q2PrecRTG16_2016-06-22_2016-12-31_DIS_DRS_PREC_,Mondays,27/03/2017,0
Trading,Online,Standard Display,O2_Q2PrecRTG16_2016-06-22_2016-12-31_DIS_DRS_PREC_,Mondays,03/04/2017,9679
Trading,Online,Standard Display,O2_Q2PrecRTG16_2016-06-22_2016-12-31_DIS_DRS_PREC_,Mondays,10/04/2017,4735
Trading,Online,Standard Display,O2_Q2PrecisionRTG2016_20160622_20161231_DIS_DRS_GB,Mondays,16/01/2017,2120
Trading,Online,Standard Display,O2_Q2PrecisionRTG2016_20160622_20161231_DIS_DRS_GB,Mondays,23/01/2017,14521
Trading,Online,Standard Display,O2_Q2PrecisionRTG2016_20160622_20161231_DIS_DRS_GB,Mondays,30/01/2017,4216
Trading,Online,Standard Display,O2_Q3PrecRTG_2016-07-05_2016-12-31_DIS_DRS_PREC_GB,Mondays,30/01/2017,0
Trading,Online,Standard Display,O2_Q3PrecRTG_2016-07-05_2016-12-31_DIS_DRS_PREC_GB,Mondays,06/02/2017,0
Trading,Online,Standard Display,O2_Q3PrecRTG_2016-07-05_2016-12-31_DIS_DRS_PREC_GB,Mondays,13/02/2017,0
Trading,Online,Standard Display,O2_Q3PrecRTG_2016-07-05_2016-12-31_DIS_DRS_PREC_GB,Mondays,20/02/2017,0
Trading,Online,Standard Display,O2_Q3PrecRTG_2016-07-05_2016-12-31_DIS_DRS_PREC_GB,Mondays,27/02/2017,0
Trading,Online,Standard Display,O2_Q3PrecRTG_2016-07-05_2016-12-31_DIS_DRS_PREC_GB,Mondays,06/03/2017,0
Trading,Online,Standard Display,O2_Q3PrecRTG_2016-07-05_2016-12-31_DIS_DRS_PREC_GB,Mondays,13/03/2017,0
Trading,Online,Standard Display,O2_Q3PrecRTG_2016-07-05_2016-12-31_DIS_DRS_PREC_GB,Mondays,20/03/2017,0
Trading,Online,Standard Display,O2_Q3PrecRTG_2016-07-05_2016-12-31_DIS_DRS_PREC_GB,Mondays,27/03/2017,0
Trading,Online,Standard Display,O2_Q3PrecRTG_2016-07-05_2016-12-31_DIS_DRS_PREC_GB,Mondays,10/04/2017,0
Trading,Online,Standard Display,O2_Q3PrecisionRTG_20160705_20161231_DIS_DRS_GBR_66,Mondays,16/01/2017,1561
Trading,Online,Standard Display,O2_Q3PrecisionRTG_20160705_20161231_DIS_DRS_GBR_66,Mondays,23/01/2017,11851
Trading,Online,Standard Display,O2_Q3PrecisionRTG_20160705_20161231_DIS_DRS_GBR_66,Mondays,30/01/2017,2671
Trading,Online,Standard Display,O2_Q3SIMO_2016-06-22_2016-09-30_DIS_DRS_SIMO_GBR_6,Mondays,30/01/2017,0
Trading,Online,Standard Display,O2_Q3SIMO_20160622_20160930_DIS_DRS_GBR_64784_0607,Mondays,16/01/2017,0
Trading,Online,Standard Display,O2_Q3SIMO_20160622_20160930_DIS_DRS_GBR_64784_0607,Mondays,23/01/2017,0
Trading,Online,Standard Display,O2_Q3SIMO_20160622_20160930_DIS_DRS_GBR_64784_0607,Mondays,30/01/2017,0
SMB,Online,Standard Display,O2_SMB-BE-Memo_20170323_20170504_DIS_DRS_GBR_75946,Mondays,03/04/2017,2
SMB,Online,Standard Display,O2_SMB-BE-Memo_20170323_20170504_DIS_DRS_GBR_75946,Mondays,10/04/2017,4
SMB,Online,Standard Display,O2_SMBFlagships17_20170217_20170501_DIS_DRS_RTG_74,Mondays,20/02/2017,0
SMB,Online,Standard Display,O2_SMBFlagships17_20170217_20170501_DIS_DRS_RTG_74,Mondays,27/02/2017,1931
SMB,Online,Standard Display,O2_SMBFlagships17_20170217_20170501_DIS_DRS_RTG_74,Mondays,06/03/2017,2701
SMB,Online,Standard Display,O2_SMBFlagships17_20170217_20170501_DIS_DRS_RTG_74,Mondays,13/03/2017,2588
SMB,Online,Standard Display,O2_SMBFlagships17_20170217_20170501_DIS_DRS_RTG_74,Mondays,20/03/2017,3381
SMB,Online,Standard Display,O2_SMBFlagships17_20170217_20170501_DIS_DRS_RTG_74,Mondays,27/03/2017,5686
SMB,Online,Standard Display,O2_SMBFlagships17_20170217_20170501_DIS_DRS_RTG_74,Mondays,03/04/2017,0
SMB,Online,Standard Display,O2_SMBFlagships17_20170217_20170501_DIS_DRS_RTG_74,Mondays,10/04/2017,0
SMB,Online,Standard Display,O2_SMBJanSale_2016-12-22_2017-01-31_DIS_DRS_GBR_72,Mondays,30/01/2017,0
SMB,Online,Standard Display,O2_SMBJanSale_20161222_20170131_DIS_DRS_GBR_72143_,Mondays,16/01/2017,300
SMB,Online,Standard Display,O2_SMBJanSale_20161222_20170131_DIS_DRS_GBR_72143_,Mondays,23/01/2017,1253
SMB,Online,Standard Display,O2_SMBJanSale_20161222_20170131_DIS_DRS_GBR_72143_,Mondays,30/01/2017,190
SMB,Online,Standard Display,O2_SMBSIMOQ117_20170228_20170804_DIS_DRS_RTG_74982,Mondays,27/02/2017,44
SMB,Online,Standard Display,O2_SMBSIMOQ117_20170228_20170804_DIS_DRS_RTG_74982,Mondays,06/03/2017,48
SMB,Online,Standard Display,O2_SMBSIMOQ117_20170228_20170804_DIS_DRS_RTG_74982,Mondays,13/03/2017,62
SMB,Online,Standard Display,O2_SMBSIMOQ117_20170228_20170804_DIS_DRS_RTG_74982,Mondays,20/03/2017,46
SMB,Online,Standard Display,O2_SMBSIMOQ117_20170228_20170804_DIS_DRS_RTG_74982,Mondays,27/03/2017,86
SMB,Online,Standard Display,O2_SMBSIMOQ117_20170228_20170804_DIS_DRS_RTG_74982,Mondays,03/04/2017,41
Trading,Online,Standard Display,O2_SamsungASeries_20170203_20170228_DIS_DRS_GBR_73,Mondays,30/01/2017,2354
Trading,Online,Standard Display,O2_SamsungASeries_20170203_20170228_DIS_DRS_GBR_73,Mondays,06/02/2017,3605
Trading,Online,Standard Display,O2_SamsungASeries_20170203_20170228_DIS_DRS_GBR_73,Mondays,13/02/2017,5266
Trading,Online,Standard Display,O2_SamsungASeries_20170203_20170228_DIS_DRS_GBR_73,Mondays,20/02/2017,4503
Trading,Online,Standard Display,O2_SamsungASeries_20170203_20170228_DIS_DRS_GBR_73,Mondays,27/02/2017,1931
Trading,Online,Standard Display,O2_SamsungASeries_20170203_20170228_DIS_DRS_GBR_73,Mondays,06/03/2017,2701
Trading,Online,Standard Display,O2_SamsungDream_20170321_20170328_DIS_DRS_GBR_7566,Mondays,13/03/2017,0
Trading,Online,Standard Display,O2_SamsungDream_20170321_20170328_DIS_DRS_GBR_7566,Mondays,20/03/2017,6881
Trading,Online,Standard Display,O2_SamsungDream_20170321_20170328_DIS_DRS_GBR_7566,Mondays,27/03/2017,60173
Trading,Online,Standard Display,O2_SamsungDream_20170321_20170328_DIS_DRS_GBR_7566,Mondays,03/04/2017,16205
Trading,Online,Standard Display,O2_SamsungDream_20170321_20170328_DIS_DRS_GBR_7566,Mondays,10/04/2017,10468
Trading,Online,Standard Display,O2_TechPartnership_20170329_20180329_DIS_DRS_GBR_7,Mondays,03/04/2017,5
Trading,Online,Standard Display,O2_TechPartnership_20170329_20180329_DIS_DRS_GBR_7,Mondays,10/04/2017,10
Brand,Online,VOD,6 Nations  VoD,Mondays,20/02/2017,37500
Brand,Online,VOD,6 Nations  VoD,Mondays,27/02/2017,18750
Brand,Online,VOD,6 Nations  VoD,Mondays,06/03/2017,43750
brand,Online,VOD,Ethos VoD,Mondays,06/03/2017,5400
brand,Online,VOD,Ethos VoD,Mondays,13/03/2017,16734
brand,Online,VOD,Ethos VoD,Mondays,20/03/2017,24559
brand,Online,VOD,Ethos VoD,Mondays,27/03/2017,24559
brand,Online,VOD,Ethos VoD,Mondays,03/04/2017,24559
brand,Online,VOD,Ethos VoD,Mondays,10/04/2017,24559
brand,Online,VOD,Ethos VoD,Mondays,17/04/2017,24559
Brand,Online,VOD,Warchild VoD,Mondays,13/02/2017,17454
Brand,Online,VOD,Warchild VoD,Mondays,20/02/2017,32517
